{"stats":{"minecraft:mined":{"croptopia:orange_crop":2,"minecraft:grass_block":1,"minecraft:tall_grass":2,"minecraft:oak_planks":1,"minecraft:sugar_cane":5,"minecraft:hay_block":37,"minecraft:birch_log":6,"croptopia:peach_crop":4,"minecraft:grass":20,"minecraft:bookshelf":22,"minecraft:oak_log":109,"minecraft:coal_ore":36,"croptopia:apple_crop":6,"minecraft:dirt":1,"minecraft:stone":26,"minecraft:oak_leaves":5},"minecraft:dropped":{"minecraft:wheat_seeds":3,"minecraft:oak_button":2,"power:book_of_elements":1,"minecraft:iron_pickaxe":1,"minecraft:egg":1},"minecraft:broken":{"minecraft:wooden_axe":1},"minecraft:crafted":{"minecraft:oak_planks":248,"minecraft:crafting_table":2,"minecraft:stone_axe":1,"minecraft:stick":84,"minecraft:wooden_axe":1,"minecraft:white_bed":1,"minecraft:torch":44},"minecraft:picked_up":{"minecraft:birch_log":6,"minecraft:feather":4,"power:supersonic_dagger":1,"minecraft:chicken":2,"croptopia:peach":25,"minecraft:oak_log":105,"minecraft:gunpowder":2,"minecraft:string":1,"minecraft:dirt":18,"minecraft:bone":5,"minecraft:apple":7,"minecraft:wheat_seeds":3,"minecraft:sugar_cane":6,"minecraft:oak_planks":1,"minecraft:egg":1,"minecraft:book":66,"minecraft:stick":22,"minecraft:cooked_porkchop":1,"minecraft:porkchop":15,"power:book_of_elements":1,"minecraft:arrow":5,"minecraft:rotten_flesh":10,"croptopia:orange":24,"minecraft:hay_block":36,"minecraft:oak_button":2,"minecraft:oak_sapling":25,"minecraft:mutton":6,"minecraft:coal":36,"minecraft:cobblestone":26,"minecraft:white_wool":5},"minecraft:used":{"useless_sword:alloy_sword":3,"minecraft:oak_planks":5,"minecraft:torch":7,"minecraft:crafting_table":2,"minecraft:white_bed":1,"croptopia:orange":5,"minecraft:wooden_axe":70,"minecraft:bread":6,"minecraft:iron_pickaxe":64,"minecraft:stone_axe":60,"croptopia:peach":25,"minecraft:hay_block":1,"power:supersonic_dagger":73},"minecraft:custom":{"minecraft:mob_kills":36,"minecraft:interact_with_crafting_table":4,"minecraft:open_barrel":1,"minecraft:leave_game":1,"minecraft:time_since_death":40020,"minecraft:sleep_in_bed":1,"minecraft:climb_one_cm":3486,"minecraft:damage_resisted":158,"minecraft:time_since_rest":10612,"minecraft:sprint_one_cm":183135,"minecraft:damage_taken":301,"minecraft:walk_one_cm":225580,"minecraft:drop":5,"minecraft:damage_dealt":4547,"minecraft:swim_one_cm":7528,"minecraft:talked_to_villager":3,"minecraft:fly_one_cm":145390,"minecraft:open_chest":7,"minecraft:crouch_one_cm":10183,"minecraft:play_time":40020,"minecraft:sneak_time":2760,"minecraft:walk_under_water_one_cm":1556,"minecraft:jump":568,"minecraft:walk_on_water_one_cm":1972,"minecraft:total_world_time":40020,"minecraft:fall_one_cm":69712},"minecraft:killed":{"minecraft:husk":6,"minecraft:pig":8,"minecraft:spider":2,"minecraft:creeper":3,"minecraft:sheep":5,"minecraft:skeleton":5,"minecraft:pillager":1,"minecraft:zombie":4,"minecraft:chicken":2}},"DataVersion":3120}