{"stats":{"minecraft:mined":{"minecraft:crafting_table":1,"gravestone:gravestone":1,"minecraft:calcite":4,"minecraft:tall_grass":2,"minecraft:spawner":2,"minecraft:black_stained_glass":3,"minecraft:black_stained_glass_pane":2,"minecraft:birch_trapdoor":1,"minecraft:peony":1,"minecraft:stripped_dark_oak_wood":1,"minecraft:grass":13,"minecraft:oak_log":15,"minecraft:dirt":5,"minecraft:cobweb":4,"minecraft:oak_leaves":8},"minecraft:dropped":{"croptopia:orange":5,"gravestone:obituary":1},"minecraft:broken":{"minecraft:wooden_sword":1},"minecraft:crafted":{"minecraft:wooden_sword":1,"minecraft:oak_planks":56,"minecraft:crafting_table":1,"minecraft:iron_sword":1,"minecraft:stick":8,"minecraft:leather_chestplate":1,"minecraft:wooden_axe":1,"minecraft:chest":1,"minecraft:torch":8},"minecraft:picked_up":{"minecraft:crafting_table":1,"croptopia:peach":7,"croptopia:nectarine":1,"minecraft:leather":10,"croptopia:sweetpotato_seed":2,"minecraft:oak_log":16,"minecraft:string":5,"minecraft:dirt":24,"minecraft:bone":3,"minecraft:oak_sign":1,"minecraft:apple":8,"croptopia:sweetpotato":1,"minecraft:bow":1,"minecraft:wheat_seeds":3,"croptopia:avocado":3,"minecraft:iron_ingot":1,"minecraft:beef":18,"croptopia:raspberry":1,"minecraft:calcite":4,"minecraft:iron_pickaxe":1,"croptopia:lime":1,"minecraft:stick":3,"minecraft:birch_trapdoor":1,"minecraft:porkchop":1,"minecraft:spider_eye":1,"croptopia:lemon":4,"minecraft:arrow":4,"minecraft:rotten_flesh":3,"croptopia:persimmon":10,"minecraft:peony":1,"croptopia:orange":25,"croptopia:raspberry_seed":2,"minecraft:hay_block":1,"minecraft:stripped_dark_oak_wood":1,"minecraft:oak_sapling":3},"minecraft:used":{"croptopia:lemon":2,"minecraft:oak_planks":3,"minecraft:chest":1,"minecraft:leather_chestplate":1,"minecraft:iron_sword":24,"power:shadow_sword":13,"minecraft:torch":4,"minecraft:dirt":20,"minecraft:crafting_table":2,"croptopia:orange":3,"minecraft:oak_log":2,"minecraft:wooden_axe":16,"minecraft:apple":14,"minecraft:iron_pickaxe":7,"minecraft:wooden_sword":64,"croptopia:peach":2,"minecraft:iron_leggings":1},"minecraft:killed_by":{"minecraft:husk":1},"minecraft:custom":{"minecraft:interact_with_smithing_table":1,"minecraft:interact_with_furnace":2,"minecraft:mob_kills":17,"minecraft:interact_with_crafting_table":9,"minecraft:open_barrel":2,"minecraft:bell_ring":1,"minecraft:leave_game":1,"minecraft:time_since_death":2737,"minecraft:damage_resisted":19,"minecraft:time_since_rest":2855,"minecraft:sprint_one_cm":145355,"minecraft:damage_taken":527,"minecraft:walk_one_cm":119872,"minecraft:drop":6,"minecraft:damage_dealt":3420,"minecraft:swim_one_cm":7616,"minecraft:talked_to_villager":8,"minecraft:fly_one_cm":226583,"minecraft:open_chest":4,"minecraft:crouch_one_cm":815,"minecraft:play_time":45850,"minecraft:deaths":1,"minecraft:sneak_time":139,"minecraft:walk_under_water_one_cm":77,"minecraft:jump":719,"minecraft:interact_with_blast_furnace":1,"minecraft:walk_on_water_one_cm":3903,"minecraft:total_world_time":45850,"minecraft:fall_one_cm":100556,"minecraft:horse_one_cm":2140},"minecraft:killed":{"minecraft:husk":4,"minecraft:spider":1,"minecraft:zombie":1,"minecraft:cow":9}},"DataVersion":3120}